0,AYT,Ayit Aviation and Tourism,AYEET,Israel
0B,JOR,Blue Air,BLUE TRANSPORT,Romania
0D,DWT,Darwin Airline,DARWIN,Switzerland
0J,JCS,Jetclub,JETCLUB,Switzerland
0K,KRT,Air Kokshetau,KOKTA,Kazakhstan
1B,BGH,BH Air (Balkan Holidays),BALKAN HOLIDAYS,Bulgaria
1I,AMB,DRF Luftrettung,CIVIL AIR AMBULANCE,Germany
1I,EJA,NetJets,EXECJET,USA
1I,NJE,NetJets Europe,FRACTION,Portugal
1I,NVR,Novair,NAVIGATOR,Sweden
1T,BUC,Bulgarian Air Charter,BULGARIAN CHARTER,Nigeria
1W,WON,Wings Air,WINGS ABADI,Indonesia
2,CPB,Corporate Express,PENTA,Canada
2B,ARD,Aerocondor,AEROCONDOR,Portugal
2B,BAB,Bahrain Air,BAHRAIN AIR,Bahrain
2D,OST,Alania Airlines,ALANIA,Russia
2E,PHW,AVE.com,PHOENIX SHARJAH,United Arab Emirates
2F,FTA,Frontier Flying Service,FRONTIER-AIR,USA
2F,IRP,Payam Air,PAYAMAIR,Iran
2G,CRG,Cargoitalia,WHITE PELICAN,Italy
2I,SRU,Star PerÃº,STAR UP,Peru
2J,VBW,Air Burkina,BURKINA,Burkina Faso
2K,GLG,Aerolineas Galapagos (Aerogal),AEROGAL,Ecuador
2L,OAW,Helvetic Airways,HELVETIC,Switzerland
2M,MDV,Moldavian Airlines,MOLDAVIAN,Moldova
2N,NTJ,Nextjet,NEXTJET,Sweden
2N,UMK,Yuzmashavia,YUZMASH,Ukraine
2P,GAP,Air Philippines,ORIENT PACIFIC,Philippines
2Q,ETS,Avitrans,EXTRANS,Sweden
2Q,SNC,Air Cargo Carriers,NIGHT CARGO,USA
2S,SDY,Island Express,SANDY ISLE,USA
2T,TUX,Tulpar Air Service,TULPA,Kazakhstan
2W,WLC,Welcome Air,WELCOMEAIR,Austria
2Z,CGN,Chang'an Airlines,CHANGAN,China - Peoples Republic
3A,CLU,Triple Alpha Luftfahrtgesellschaft,CAROLUS,Germany
3D,APG,Air People International,AIR PEOPLE,Thailand
3D,DNM,Denim Air,DENIM,Netherlands
3G,AYZ,Atlant-Soyuz Airlines,ATLANT-SOYUZ,Russia
3H,AIE,Air Inuit,AIR INUIT,Canada
3K,JSA,Jetstar Asia Airways,JETSTAR ASIA,Singapore
3L,ISK,InterSky,INTERSKY,Austria
3M,GFT,Gulfstream International Airlines,GULF FLIGHT,USA
3N,URG,Air Urga,URGA,Ukraine
3P,TNM,Tiara Air,TIARA,Aruba (Netherlands)
3R,GAI,Moskovia Airlines,GROMOV AIRLINE,Russia
3S,BOX,AeroLogic,GERMAN CARGO,Germany
3T,URN,Turan Air,TURAN,Azerbaijan
3U,CSC,Sichuan Airlines,SI CHUAN,China - Peoples Republic
3U,NCH,Chanchangi Airlines,CHANCHANGI,Nigeria
3V,TAY,TNT Airways,QUALITY,Belgium
3W,VNR,Wan Air,WAN AIR,French Polynesia
3X,JAC,Japan Air Commuter,COMMUTER,Japan
3Y,KAE,Kartika Airlines,KARTIKA,Indonesia
3Z,VTS,Everts Air Cargo,EVERTS,USA
4,ABV,Antrak Air,ANTRAK,Ghana
4A,AKL,Air Kiribati,,Kiribati
4A,EYE,FS Air Service,SOCKEYE,USA
4B,PAG,Perimeter Aviation (Perimeter Airlines),PERIMETER,Canada
4B,TUP,Aviastar-TU,TUPOLEVAIR,Russia
4C,ARE,"Aires, Aerovias de Integracion Regional, S.A.",AIRES,Colombia
4C,CGK,Click Airways,CLICK AIR,United Arab Emirates
4D,ASD,Air Sinai,AIR SINAI,Egypt
4G,GZP,Gazpromavia,GAZPROMAVIA,Russia
4H,UBD,United Airways (Bangladesh),UNITED BANGLADESH,Bangladesh
4K,AAS,Askari Aviation,AL-AAS,Pakistan
4K,KBA,Kenn Borek Air,BOREK AIR,Canada
4M,DSM,LAN Argentina,LAN AIR,Argentina
4N,ANT,Air North,AIR NORTH,Canada
4O,AIJ,Interjet,INTERJET,Mexico
4P,ABB,Business Aviation,AFRICAN BUSINESS,"Congo, Democratic Republic of the"
4P,VIK,Viking Airlines,SWEDJET,Sweden
4Q,AEI,Air Italy Polska,POLISH BIRD,Poland
4R,HHI,Hamburg International,HAMBURG JET,Germany
4T,BHP,Belair Airlines,BELAIR,Switzerland
4U,GWI,Germanwings,GERMAN WINGS,Germany
4Y,BLE,Blue Line,BLUE BERRY,France
4Y,TUD,Flight Alaska,TUNDRA,USA
4Z,LNK,Airlink,LINK,South Africa
5A,AIP,Alpine Air Express,ALPINE AIR,USA
5B,EAK,Euro-Asia Air,EAKAZ,Kazakhstan
5C,ICL,CAL Cargo Air Lines,CAL,Israel
5C,NRR,Nature Air,NATUREAIR,Costa Rica
5D,SLI,AeromÃ©xico Connect,COSTERA,Mexico
5D,UDC,DonbassAero,DONBASS AERO,Ukraine
5E,SGN,SGA Airlines,SIAM,Thailand
5F,CIR,Arctic Circle Air Service,AIR ARCTIC,USA
5G,SSV,Skyservice Airlines,SKYTOUR,Canada
5H,FFV,Fly540,SWIFT TANGO,Kenya
5J,CEB,Cebu Pacific,CEBU AIR,Philippines
5K,HFY,Hi Fly,SKY FLYER,Portugal
5K,ODS,Odessa Airlines,ODESSA AIR,Ukraine
5L,RSU,Aerosur,AEROSUR,Bolivia
5M,MUA,National Airlines,MURRAY AIR,USA
5N,AUL,Aeroflot-Nord,DVINA,Russia
5O,FPO,Europe Airpost,FRENCH POST,France
5Q,BEA,Best Air,BEST AIR,Bangladesh
5R,CTT,Custom Air Transport,CATT,USA
5R,KAJ,Karthago Airlines,KARTHAGO,Tunesia
5S,PSV,Servicios Aereos Profesionales,PROSERVICIOS,Dominican Republic
5T,MPE,Canadian North,EMPRESS,Canada
5T,TWE,Transwede Airways,TRANSWEDE,Sweden
5U,LDE,LADE - LÃ_neas AÃ©reas del Estado,LADE,Argentina
5V,UKW,Lviv Airlines,UKRAINE WEST,Ukraine
5W,AEU,Astraeus,FLYSTAR,United Kingdom
5X,UPS,United Parcel Service,UPS,USA
5Y,GTI,Atlas Air,GIANT,USA
5Y,IOS,Isles of Scilly Skybus,SCILLONIA,United Kingdom
5Z,BML,Bismillah Airlines,BISMILLAH,Bangladesh
6A,CHP,Aviacsa,AVIACSA,Mexico
6B,BLX,TUIfly Nordic,BLUESCAN,Sweden
6D,KDR,Royal Daisy Airlines,DARLINES,Uganda
6D,PAS,Pelita Air Service,PELITA,Indonesia
6E,IGO,IndiGo Airlines,IFLY,India
6F,FRJ,Afrijet Airlines,AFRIJET,Nigeria
6H,ISR,Israir Airlines,ISRAIR,Israel
6I,IBZ,International Business Air,INTERBIZ,Sweden
6J,JUB,Jubba Airways,JUBBA,Somalia
6J,SNJ,Skynet Asia Airways,NEWSKY,Japan
6K,RIT,Zest Airways,ASIAN SPIRIT,Philippines
6L,AKK,Aklak Air,AKLAK,Canada
6M,EUP,EuroAir,EUROSTAR,Greece
6N,KRE,AeroSucre,AEROSUCRE,Colombia
6N,NRD,Nordic Airways,NORTH RIDER,Sweden
6N,NRD,Nordic Regional,NORTH RIDER,Sweden
6O,ASJ,Air Satellite,SATELLITE,Canada
6P,IAD,Fly Wex,FLYWEX,Italy
6R,DRU,Alrosa Mirny Air Enterprise,MIRNY,Russia
6S,URJ,Star Air Aviation,STARAV,Pakistan
6T,LMT,Almaty Aviation,ALMATY,Kazakhstan
6V,AXY,Axis Airways,AXIS,France
6V,LCG,Lignes AÃ©riennes Congolaises,CONGOLAISE,"Congo, Democratic Republic of the"
6V,MRW,Mars RK,AVIAMARS,Ukraine
6W,SOV,Saravia,SARATOV AIR,Russia
6Y,LTC,SmartLynx Airlines,LATCHARTER,Latvia
6Z,UKS,Ukrainian Cargo Airways,CARGOTRANS,Ukraine
7A,NXA,Air Next,BLUE-DOLPHIN,Japan
7C,COY,Coyne Aviation,COYNE AIR,United Kingdom
7C,JJA,Jeju Air,JEJU AIR,South Korea
7E,AWU,Sylt Air,SYLT-AIR,Germany
7F,FAB,First Air,FIRST AIR,Canada
7G,MKA,MK Airlines,KRUGER AIR,United Kingdom
7G,SFJ,Star Flyer,STARFLYER,Japan
7H,ERH,Era Aviation,ERAH,USA
7I,INC,Insel Air,INSELAIR,Netherlands Antilles
7J,TZK,Tajik Air,TAJIKISTAN,Tajikistan
7K,KGL,Kogalymavia,KOGALYM,Russia
7L,CRN,Aero Caribbean,AEROCARIBBEAN,Cuba
7L,ERO,Sun d'Or International Airlines,ECHO ROMEO,Israel
7O,GAL,Galaxy Air,GALAXY,Kyrgyzstan
7P,BTV,Batavia Air,BATAVIA,Indonesia
7Q,TLR,Air Libya,AIR LIBYA,Libya
7T,AGV,Air Glaciers,AIR GLACIERS,Switzerland
7T,TOB,Tobruk Air,TOBRUK AIR,Libya
7U,ERG,Aviaenergo,AVIAENERGO,Russia
7V,PDF,Pelican Air Services,PELICAN AIRWAYS,South Africa
7W,WRC,Wind Rose Aviation,WIND ROSE,Ukraine
7Y,FCR,Flying Carpet,FLYING CARPET,Lebanon
7Y,NYL,Mid Airlines,NILE,Sudan
8A,BMM,Atlas Blue,ATLAS BLUE,Morocco
8C,ATN,Air Transport International LLC,AIR TRANSPORT,USA
8C,CXI,Shanxi Airlines,SHANXI,China - Peoples Republic
8C,DXH,East Star Air,EAST STAR,China - Peoples Republic
8C,HZT,Air Horizon,HORIZON TOGO,Togo
8D,EXV,Expo Aviation,EXPOAVIA,Sri Lanka
8E,BRG,Bering Air,BERING AIR,USA
8G,NGE,Angel Airlines,ANGEL AIR,Thailand
8H,HWY,Highland Airways,HIWAY,United Kingdom
8I,MYW,MyAir,FRANKY,Italy
8J,JFU,Jet4you,ARGAN,Morocco
8L,CGP,Cargo Plus Aviation,CARGO PLUS,United Arab Emirates
8L,LKE,Lucky Air,LUCKY AIR,China - Peoples Republic
8L,RHC,Redhill Aviation,REDAIR,United Kingdom
8M,MXL,Maxair,MAXAIR,Sweden
8M,UBA,Myanmar Airways International,UNIONAIR,Myanmar (Burma)
8N,NKF,Barents AirLink,NORDFLIGHT,Sweden
8P,PCO,Pacific Coastal Airline,PASCO,Canada
8Q,OHY,Onur Air,ONUR AIR,Turkey
8R,TIB,TRIP Linhas Aereas,TRIP,Brazil
8U,AAW,Afriqiyah Airways,AFRIQIYAH,Libya
8V,ACP,Astral Aviation,ASTRAL CARGO,Kenya
8V,WRF,Wright Air Service,WRIGHT FLYER,USA
8W,PWF,Private Wings Flugcharter,PRIVATE WINGS,Germany
8Y,CYZ,China Postal Airlines,CHINA POST,China - Peoples Republic
8Y,ECV,Ecuato Guineana,ECUATOGUINEA,Equatorial Guinea
8z,LER,LASER Airlines,LASER,Venezuela
9C,WDA,Wimbi Dira Airways,WIMBI DIRA,"Congo, Democratic Republic of the"
9D,THE,ToumaÃ¯ Air Tchad,TOUMAI AIR,Chad
9E,FLG,Pinnacle Airlines,FLAGSHIP,USA
9E,GXL,XL Airways Germany,STAR DUST,Germany
9H,DNL,Dutch Antilles Express,DUTCH ANTILLES,Netherlands Antilles
9K,KAP,Cape Air,CAIR,USA
9L,CJC,Colgan Air,COLGAN,USA
9M,GLR,Central Mountain Air,GLACIER,Canada
9N,AJV,ANA & JP Express,AYJAY CARGO,Japan
9N,NSE,SATENA,SATENA,Colombia
9Q,PBA,PB Air,PEEBEE AIR,Thailand
9R,VAP,Phuket Air,PHUKET AIR,Thailand
9S,CQH,Spring Airlines,AIR SPRING,China - Peoples Republic
9S,SOO,Southern Air,SOUTHERN AIR,USA
9T,ABS,Transwest Air,ATHABASKA,Canada
9T,RUN,ACT Airlines,CARGO TURK,Turkey
9U,MLD,Air Moldova,AIR MOLDOVA,Moldova
9V,ROI,Avior Airlines,AVIOR,Venezuela
9W,JAI,Jet Airways,JET AIRWAYS,India
9X,ACL,ItAli Airlines,ITALI,Italy
A0,AVI,L'Avion,ELYSAIR,France
A2,CIU,Cielos Airlines,CIELOS,Peru
A3,AEE,Aegean Airlines,AEGEAN,Greece
A5,RLA,Airlinair,AIRLINAIR,France
A6,LPV,Air Alps Aviation,AIR ALPS,Austria
A7,MPD,Air Comet,RED COMET,Spain
A8,AMF,Ameriflight,AMFLIGHT,USA
A8,BGL,Benin Golf Air,BENIN GOLF,Benin
A9,TGZ,Georgian Airways,TAMAZI,Georgia
AA,AAL,American Airlines,AMERICAN,USA
AB,BER,Air Berlin,AIR BERLIN,Germany
AC,ACA,Air Canada,AIR CANADA,Canada
AD,AZU,Azul Brazilian Airlines,AZUL,Brazil
AE,MDA,Mandarin Airlines,MANDARIN,"Taiwan, Republic of China"
AF,AFN,Air Freight NZ,AIR FREIGHT,New Zealand
AF,AFR,Air France,AIRFRANS,France
AG,ABR,Air Contractors,CONTRACT,Ireland
AH,DAH,Air Algerie,AIR ALGERIE,Algeria
AI,AIC,Air India,AIRINDIA,India
AJ,NIG,Aero Contractors,AEROLINE,Nigeria
AK,AXM,AirAsia,ASIAN EXPRESS,Malaysia
AL,TXC,TransAVIAexport Airlines,TRANSEXPORT,Belarus
AM,AMX,AeroMexico,AEROMEXICO,Mexico
AP,ADH,Air One,HERON,Italy
AP,AIB,Airbus Industrie,AIRBUS INDUSTRIE,France
AR,ARG,Aerolineas Argentinas,ARGENTINA,Argentina
AS,ASA,Alaska Airlines,ALASKA,USA
AT,RAM,Royal Air Maroc,ROYALAIR MAROC,Morocco
AU,AUT,Austral Lineas Aereas,AUSTRAL,Argentina
AV,AVA,"Avianca - Aerovias Nacionales de Colombia, S.A.",AVIANCA,Colombia
AW,DIR,Dirgantara Air Service,DIRGANTARA,Indonesia
AW,SCH,CHC Airways,SCHREINER,Netherlands
AX,LOF,Trans States Airlines,WATERSKI,USA
AY,FIN,Finnair,FINNAIR,Finland
AZ,AZA,Alitalia,ALITALIA,Italy
B2,BRU,Belavia Belarusian Airlines,BELARUS AVIA,Belarus
B3,BLV,Bellview Airlines,BELLVIEW AIRLINES,Nigeria
B4,BCF,BACH Flugbetriebsgesellschaft mbH,BACH,Austria
B4,BKA,Bankair,BANKAIR,USA
B4,GSM,Flyglobespan,GLOBESPAN,United Kingdom
B6,JBU,JetBlue Airways,JETBLUE,USA
B7,UIA,Uni Air,GLORY,"Taiwan, Republic of China"
B8,BTR,Botir-Avia,BOTIR-AVIA,Kyrgyzstan
B8,ERT,Eritrean Airlines,ERITREAN,Eritrea
B9,CBC,Caribair,CARIBAIR,Dominican Republic
B9,IRB,Iran Air Tours,,Iran
BA,BAW,British Airways,SPEEDBIRD,United Kingdom
BB,CBB,Cargo B Airlines,CARGO-BEE,Belgium
BB,SBS,Seaborne Airlines,SEABORNE,US Virgin Islands
BC,SKY,Skymark Airlines,SKYMARK,Japan
BD,BMR,BMI Regional,,United Kingdom
BE,BEE,Flybe,JERSEY,United Kingdom
BF,BBD,Bluebird Cargo,BLUE CARGO,Iceland
BF,RSR,Aero-Service,CONGOSERV,"Congo, Republic of"
BG,BBC,Biman Bangladesh Airlines,BANGLADESH,Bangladesh
BI,RBA,Royal Brunei Airlines,BRUNEI,Brunei Darussalam
BJ,LBT,Nouvelair,NOUVELAIR,Tunesia
BK,OKA,Okay Airways,OKAYJET,China - Peoples Republic
BL,PIC,Jetstar Pacific,PACIFIC AIRLINES,Vietnam
BP,BOT,Air Botswana,BOTSWANA,Botsuana
BR,EVA,EVA Air,EVA,"Taiwan, Republic of China"
BS,BIH,British International Helicopters,BRINTEL,United Kingdom
BT,BTI,Air Baltic,AIRBALTIC,Latvia
BV,BPA,Blue Panorama Airlines,BLUE PANOROMA,Italy
BW,BWA,Caribbean Airlines,CARIBBEAN AIRLINES,Trinidad & Tobago
BY,TOM,Thomson Airways,TOMSON,United Kingdom
BZ,BDA,Blue Dart Aviation,BLUE DART,India
BZ,KEE,Keystone Air Services,KEYSTONE,Canada
C0,CLW,Centralwings,CENTRALWINGS,Poland
C3,KIS,Contact Air,CONTACTAIR,Germany
C4,IMX,Zimex Aviation,ZIMEX,Switzerland
C5,UCA,CommutAir,COMMUTAIR,USA
C6,CJA,CanJet,CANJET,Canada
C7,RLE,Rico Linhas Aereas,RICO,Brazil
C9,RUS,Cirrus Airlines,CIRRUS AIR,Germany
CA,CAO,Air China Cargo,AIRCHINA FREIGHT,China - Peoples Republic
CA,CCA,Air China,AIR CHINA,China - Peoples Republic
CB,SAY,ScotAirways,SUCKLING,United Kingdom
CC,ABD,Air Atlanta Icelandic,ATLANTA,Iceland
CC,MCK,Macair Airlines,MACAIR,Australia
CD,LLR,Air India Regional,ALLIED,India
CF,SDR,City Airline,SWEDESTAR,Sweden
CG,TOK,Airlines PNG,BALUS,Papua New Guinea
CH,BMJ,Bemidji Airlines,BEMIDJI,USA
CI,CAL,China Airlines,DYNASTY,"Taiwan, Republic of China"
CJ,CFE,BA CityFlyer,FLYER,United Kingdom
CK,CKK,China Cargo Airlines,CARGO KING,China - Peoples Republic
CL,CLH,Lufthansa CityLine,HANSALINE,Germany
CM,CMP,Copa Airlines,COPA,Panama
CO,COA,Continental Airlines,CONTINENTAL,USA
CP,CPZ,Compass Airlines,COMPASS ROSE,USA
CQ,EXL,Sunshine Express Airlines,SEA,Australia
CS,CMI,Continental Micronesia,AIR MIKE,Guam (USA)
CU,CUB,Cubana de Aviacion,CUBANA,Cuba
CV,CLX,Cargolux,CARGOLUX,Luxembourg
CV,CVA,Air Chathams,CHATHAM,New Zealand
CW,CWM,Air Marshall Islands,AIR MARSHALLS,Marshall Islands
CX,CPA,Cathay Pacific,CATHAY,China - Peoples Republic
CY,CYP,Cyprus Airways,CYPRUS,Cyprus
CZ,CSN,China Southern Airlines,CHINA SOUTHERN,China - Peoples Republic
D0,DHK,DHL Air UK,EUROTRANS,United Kingdom
D3,DAO,Daallo Airlines,DAALLO AIRLINES,United Arab Emirates
D4,LID,Alidaunia,ALIDA,Italy
D5,DAE,DHL Aero Expreso,YELLOW,Panama
D6,ILN,Interair South Africa,INLINE,South Africa
D7,XAX,AirAsia X,XANADU,Malaysia
D8,DJB,Djibouti Airlines,DJIBOUTI AIR,Djibouti
D9,DNV,Aeroflot-Don,DONAVIA,Russia
DA,SDA,Sol Dominicana Airlines,SOL AIRLINES,Dominican Republic
DB,BZH,Brit Air,BRITAIR,France
DC,GAO,Golden Air,GOLDEN,Sweden
DD,NOK,Nok Air,NOK AIR,Thailand
DE,CFG,Condor Flugdienst,CONDOR,Germany
DG,SRQ,South East Asian Airlines,SEAIR,Philippines
DJ,PBN,Pacific Blue Airlines,BLUEBIRD,New Zealand
DJ,VOZ,Virgin Blue,VIRGIN,Australia
DK,VKG,Thomas Cook Airlines Scandinavia,VIKING,Denmark
DL,DAL,Delta Air Lines,DELTA,USA
DN,DKN,Kingfisher Red,DECCAN,India
DO,RVL,Air VallÃ©e,AIR VALLEE,Italy
DR,BIE,Air Mediterranee,MEDITERRANEE,France
DT,DTA,TAAG Angola Airlines (Linhas AÃ©reas de Angola),DTA,Angola
DU,HMS,Hemus Air,HEMUS AIR,Bulgaria
DV,ACK,Nantucket Airlines,ACK AIR,USA
DV,LTF,Lufttaxi Fluggesellschaft,GARFIELD,Germany
DV,VSV,Scat Aircompany,VLASTA,Kazakhstan
DW,UCR,Aero-Charter Ukraine,CHARTER UKRAINE,Ukraine
DX,DTR,DAT Danish Air Transport,DANISH,Denmark
DY,NAX,Norwegian Air Shuttle,NOR SHUTTLE,Norway
DZ,LMZ,Starline.kz,ALUNK,Kazakhstan
E2,KMP,Kampuchea Airlines,KAMPUCHEA,Cambodia
E4,RSO,Aero Asia International,AERO ASIA,Pakistan
E7,ESF,Estafeta Carga Aerea,ESTAFETA,Mexico
E9,FPY,Compagnie Africaine d'Aviation,AFRICOMPANY,"Congo, Democratic Republic of the"
EB,PLM,Air Pullmantur,PULLMANTUR,Spain
EC,BOS,OpenSkies,MISTRAL,United Kingdom
EC,TWN,Avialeasing Aviation Company,TWINARROW,Uzbekistan
EF,ESY,EasyFly,EASYFLY,Colombia
EH,AKX,Air Nippon Network Co. Ltd.,ALFA WING,Japan
EI,EIN,Aer Lingus,SHAMROCK,Ireland
EJ,NEA,New England Airlines,NEW ENGLAND,USA
EK,UAE,Emirates Airline,EMIRATES,United Arab Emirates
EL,ANK,Air Nippon,ANK AIR,Japan
EM,AEB,Aero Benin,AEROBEN,Benin
EM,CFS,Empire Airlines,EMPIRE,USA
EN,DLA,Air Dolomiti,DOLOMOTI,Italy
EO,ALX,Hewa Bora Airways,ALLCONGO,"Congo, Democratic Republic of the"
EO,LHN,Express One International,LONGHORN,USA
EP,IRC,Iran Aseman Airlines,IAA,Iran
EQ,TAE,TAME,TAME,Ecuador
ER,DHL,Astar Air Cargo,DHL,USA
ES,DHX,DHL International Aviation ME,DILMUN,Bahrain
ET,ETH,Ethiopian Airlines,ETHIOPIAN,Ethiopia
EU,EEA,Empresa Ecuatoriana De Aviacion,ECUATORIANA,Ecuador
EU,UEA,United Eagle Airlines,UNITED EAGLE,China - Peoples Republic
EV,ASQ,Atlantic Southeast Airlines,ACEY,USA
EW,EWG,Eurowings,EUROWINGS,Germany
EY,ETD,Etihad Airways,ETIHAD,United Arab Emirates
EZ,EIA,Evergreen International Airlines,EVERGREEN,USA
EZ,SUS,Sun Air of Scandinavia,SUNSCAN,Denmark
F3,FSW,Faso Airways,FASO,Burkina Faso
F4,SHQ,Shanghai Airlines Cargo,SHANGHAI CARGO,China - Peoples Republic
F5,COZ,Cosmic Air,COSMIC AIR,Nepal
F7,BBO,Flybaboo,BABOO,Switzerland
F8,AHR,Air2there,,New Zealand
F8,FRL,Freedom Airlines,FREEDOM AIR,USA
F9,FFT,Frontier Airlines,FRONTIER FLIGHT,USA
FA,SFR,Safair,CARGO,South Africa
FB,LZB,Bulgaria Air,FLYING BULGARIA,Bulgaria
FC,WBA,Finncomm Airlines,WESTBIRD,Finland
FD,AIQ,Thai AirAsia,THAI ASIA,Thailand
FG,AFG,Ariana Afghan Airlines,ARIANA,Afghanistan
FI,ICE,Icelandair,ICEAIR,Iceland
FJ,FJI,Air Pacific,PACIFIC,Fiji
FK,WTA,Africa West,WEST TOGO,Togo
FL,TRS,AirTran Airways,CITRUS,USA
FM,CSH,Shanghai Airlines,SHANGHAI AIR,China - Peoples Republic
FN,RGL,Regional Air Lines,MAROC REGIONAL,Morocco
FO,ATM,Airlines Of Tasmania,AIRTAS,Australia
FP,FRE,Freedom Air,FREEDOM,Guam (USA)
FQ,BRI,Brindabella Airlines,BRINDABELLA,Australia
FQ,TCW,Thomas Cook Airlines,THOMAS COOK,Belgium
FR,RYR,Ryanair,RYANAIR,Ireland
FS,STU,Servicios de Transportes Aereos Fueguinos,FUEGUINO,Argentina
FV,SDM,Rossiya - Russian Airlines,RUSSIA,Russia
FW,IBX,Ibex Airlines,IBEX,Japan
FX,FDX,FedEx Express,FEDEX,USA
FY,FFM,Firefly,FIREFLY,Malaysia
FY,NWR,Northwest Regional Airlines,,Australia
G0,GHB,Ghana International Airlines,GHANA AIRLINES,Ghana
G1,IKA,Gorkha Airlines,GORKHA AIRLINES,Nepal
G2,VXG,Avirex,AVIREX-GABON,Gabon
G3,CIX,City Connexion Airlines,CONNEXION,Burundi
G3,GLO,Gol Transportes AÃ©reos,GOL TRANSPORTE,Brazil
G3,SEH,Sky Express,AIR CRETE,Greece
G4,AAY,Allegiant Air,ALLEGIANT,USA
G6,BSR,Guine Bissaur Airlines,BISSAU AIRLINES,Guinea Bissau
G7,GJS,GoJet Airlines,LINDBERGH,USA
G8,AGB,Air Service Gabon,,Gabon
G8,ENK,Enkor,ENKOR,Russia
G8,GOW,GoAir,GOAIR,India
G9,ABY,Air Arabia,ARABIA,United Arab Emirates
GA,GIA,Garuda Indonesia,INDONESIA,Indonesia
GB,ABX,ABX Air,ABEX,USA
GD,AHA,Air Alpha Greenland,AIR ALPHA,Denmark
GE,TNA,TransAsia Airways,TRANSASIA,"Taiwan, Republic of China"
GF,GBA,Gulf Air Bahrain,GULF BAHRAIN,Bahrain
GG,GUY,Air Guyane Express,GREEN BIRD,French Guiana
GI,IKA,Itek Air,ITEK-AIR,Kyrgyzstan
GJ,EEU,Eurofly,EUROFLY,Italy
GL,BSK,Miami Air International,BISCAYNE,USA
GL,GRL,Air Greenland,GREENLAND,Denmark
GM,SVK,Air Slovakia,SLOVAKIA,Slovakia
GO,KZU,Kuzu Airlines Cargo,KUZU CARGO,Turkey
GP,GDR,Gadair European Airlines,GADAIR,Spain
GP,GES,Gestair,GESTAIR,Spain
GR,AUR,Aurigny Air Services,AYLINE,United Kingdom
GS,GCR,Grand China Express Air,CHINA DRAGON,China - Peoples Republic
GS,GUN,Grant Aviation,HOOT,USA
GW,KIL,Kuban Airlines,AIR KUBAN,Russia
GX,JXX,Primera Air,JETBIRD,Iceland
GY,GBK,Gabon Airlines,GABON AIRLINES,Gabon
GY,TMG,Tri-MG Intra Asia Airlines,TRILINES,Indonesia
H2,SKU,Sky Airline,AEROSKY,Chile
H5,HOA,Hola Airlines,HOLA,Spain
H6,HAG,Hageland Aviation Services,HAGELAND,USA
H7,EGU,Eagle Air,AFRICAN EAGLE,Uganda
H9,IZM,Izair,IZMIR,Turkey
H9,PGT,Pegasus Airlines,SUNTURK,Turkey
HA,HAL,Hawaiian Airlines,HAWAIIAN,USA
HC,ATI,Aero-Tropics Air Services,AEROTROPICS,Australia
HD,ADO,Hokkaido International Airlines,AIR DO,Japan
HE,LGW,Luftfahrtgesellschaft Walter,WALTER,Germany
HG,NLY,Niki,FLYNIKI,Austria
HJ,AXF,Asian Express Airlines,FREIGHTEXPRESS,Australia
HK,FSC,Four Star Aviation / Four Star Cargo,FOUR STAR,Puerto Rico
HM,SEY,Air Seychelles,SEYCHELLES,Seychelles
HN,HVY,Heavylift Cargo Airlines,HEAVY CARGO,Australia
HO,DKH,Juneyao Airlines,AIR JUNEYAO,China - Peoples Republic
HP,HPA,Pearl Airways,PEARL AIRWAYS,Haiti
HR,CUA,China United Airlines,LIANHANG,China - Peoples Republic
HR,HHN,Hahn Air,ROOSTER,Germany
HS,HSV,Direktflyg,HIGHSWEDE,Sweden
HT,AHW,Aeromist-Kharkiv,AEROMIST,Ukraine
HT,IMP,Hellenic Imperial Airways,IMPERIAL,Greece
HU,CHH,Hainan Airlines,HAINAN,China - Peoples Republic
HW,FHE,Hello,FLYHELLO,Switzerland
HW,NWL,North-Wright Airways,NORTHWRIGHT,Canada
HY,UZB,Uzbekistan Airways,UZBEK,Uzbekistan
HZ,SHU,SAT Airlines,SATAIR,Russia
HZ,SOZ,Sat Airlines,SATCO,Kazakhstan
I4,FWA,Interstate Airline,FREEWAYAIR,Netherlands
I5,CMM,Compagnie AÃ©rienne du Mali,CAMALI,Mali
I6,SEQ,Sky Eyes,SKY EYES,Thailand
I7,PMW,Paramount Airways,PARAWAY,India
I8,IDA,Indonesia Air Transport,INTRA,Indonesia
I9,AEY,Air Italy,AIR ITALY,Italy
IA,IAW,Iraqi Airways,IRAQI,Iraq
IB,IBE,Iberia Airlines,IBERIA,Spain
ID,ITK,Interlink Airlines,INTERLINK,South Africa
IE,SOL,Solomon Airlines,SOLOMON,Solomon Islands
IF,ISW,Islas Airways,PINTADERA,Spain
IG,ISS,Meridiana,MERAIR,Italy
II,CSQ,IBC Airways,CHASQUI,USA
IJ,GWL,Great Wall Airlines,GREAT WALL,China - Peoples Republic
IK,ITX,Imair Airlines,IMPROTEX,Azerbaijan
IK,LKN,Lankair,LANKAIR,Sri Lanka
IM,MNJ,Menajet,MENAJET,Lebanon
IN,MAK,MAT Macedonian Airlines,MAKAVIO,Macedonia
IP,JOL,Atyrau Air Ways,EDIL,Kazakhstan
IQ,AUB,Augsburg Airways GmbH,AUGSBURG-AIR,Germany
IR,IRA,Iran Air,IRANAIR,Iran
IT,KFR,Kingfisher Airlines,KINGFISHER,India
IV,JET,Wind Jet,GHIBLI,Italy
IX,AXB,Air India Express,EXPRESS INDIA,India
IY,IYE,Yemenia - Yemen Airways,YEMENI,Yemen
IZ,AIZ,Arkia Israel Airlines,ARKIA,Israel
J2,AHY,Azerbaijan Airlines,AZAL,Azerbaijan
J3,PLR,Northwestern Air,POLARIS,Canada
J4,BFL,Buffalo Airways,BUFFALO,Canada
J5,EPA,Shenzhen Donghai Airlines,DONGHAI AIR,China - Peoples Republic
J7,CVC,Centre-Avia,AVIACENTRE,Russia
J8,BVT,Berjaya Air,BERJAYA,Malaysia
J9,GIF,Guinee Airlines,GUINEE AIRLINES,Guinea
J9,JZR,Jazeera Airways,JAZEERA,Kuwait
JA,BON,B&H Airlines,AIR BOSNA,Bosnia-Hercegovina
JB,JBA,Helijet,HELIJET,Canada
JC,JEX,JAL Express,JANEX,Japan
JD,DER,Deer Jet,DEER JET,China - Peoples Republic
JE,MNO,Mango,TULCA,South Africa
JF,JAF,Jetairfly,BEAUTY,Belgium
JF,LAB,L.A.B. Flying Service,LAB,USA
JH,FFX,Flex Linhas AÃ©reas,FLEX,Brazil
JI,JAE,Jade Cargo International,JADE CARGO,China - Peoples Republic
JI,MDW,Midway Airlines,MIDWAY,USA
JJ,AGX,Aviogenex,GENEX,Serbia
JJ,TAM,TAM Airlines (TAM Linhas Aereas),TAM,Brazil
JK,JKK,Spanair,SPANAIR,Spain
JL,JAL,Japan Airlines,JAPANAIR,Japan
JM,AJM,Air Jamaica,JAMAICA,Jamaica
JO,JAZ,JALways,JALWAYS,Japan
JP,ADR,Adria Airways,ADRIA,Slovenia
JQ,JST,Jetstar Airways,JETSTAR,Australia
JS,KOR,Air Koryo,AIR KORYO,North Korea
JT,LNI,Lion Air (Lion Mentari Airlines ),LION INTER,Indonesia
JU,JAT,Jat Airways,JAT,Serbia
JV,BLS,Bearskin Lake Air Service,BEARSKIN,Canada
JW,APW,Arrow Air,BIG A,USA
JX,JEC,Jett8 Airlines Cargo,TAIPAN,Singapore
JY,TCI,Air Turks and Caicos,KERRMONT,Turks & Caicos
JZ,SKX,Skyways Express,SKY EXPRESS,Sweden
K2,ELO,Eurolot,EUROLOT,Poland
K4,CKS,Kalitta Air,CONNIE,USA
K5,ABE,Aban Air,ABAN,Iran
K5,WAK,Wings of Alaska,WINGS ALASKA,USA
K6,BRV,Bravo Air Congo,BRAVO,"Congo, Democratic Republic of the"
K7,KBR,KoralBlue Airlines,KORAL BLUE,Egypt
K8,ZAK,Zambia Skyways,ZAMBIA SKIES,Zambia
K9,KFS,Kalitta Charters,KALITTA,USA
KA,HDA,"Dragonair, Hong Kong Dragon Airlines",DRAGON,China - Peoples Republic
KB,DRK,Druk Air,ROYAL BHUTAN,Bhutan
KC,KZR,Air Astana,ASTANALINE,Kazakhstan
KD,KNI,KD Avia,KALININGRAD AIR,Russia
KE,KAL,Korean Air,KOREANAIR,South Korea
KF,BLF,Blue1,BLUEFIN,Finland
KG,BNX,LAI - Linea Aerea IAACA,AIR BARINAS,Venezuela
KG,GTV,Aerogaviota,GAVIOTA,Cuba
KH,AAH,Aloha Air Cargo,ALOHA,USA
KI,AAG,Air Atlantique,ATLANTIC,United Kingdom
KI,SKZ,Skyway Enterprises,SKYWAY-INC,USA
KK,KKK,Atlasjet,ATLASJET,Turkey
KL,KLM,KLM Royal Dutch Airlines,KLM,Netherlands
KM,AMC,Air Malta,AIR MALTA,Malta
KO,AER,Alaska Central Express,ACE AIR,USA
KQ,KQA,Kenya Airways,KENYA,Kenya
KR,KMZ,Comores Aviation,,Comoros
KS,PEN,PenAir (Peninsula Airways),PENINSULA,USA
KU,KAC,Kuwait Airways,KUWAITI,Kuwait
KV,MVD,Kavminvodyavia,AIR MINVODY,Russia
KW,KFA,Kelowna Flightcraft Air Charter,FLIGHTCRAFT,Canada
KX,CAY,Cayman Airways,CAYMAN,Cayman Islands
KY,KYV,Cyprus Turkish Airlines (KTHY Kibris Turk Hava Yollari),AIRKIBRIS,Turkey
KZ,NCA,Nippon Cargo Airlines,NIPPON CARGO,Japan
L2,LYC,Lynden Air Cargo,LYNDEN,USA
L3,JOS,DHL de Guatemala,,Guatemala
L4,SSX,Lynx Aviation,SHASTA,USA
L5,HKS,CHC Helikopter Service,HELIBUS,Norway
L5,LTR,Lufttransport,LUFT TRANSPORT,Norway
L6,MAI,Mauritania Airlines International,,Mauritania
L6,VNZ,Tbilaviamsheni,TBILAVIA,Georgia
LA,LAN,LAN Airlines,LAN,Chile
LC,LOG,Loganair,LOGAN,United Kingdom
LC,VLO,Varig Logistica (VarigLog),VELOG,Brazil
LD,AHK,Air Hong Kong,AIR HONG KONG,China - Peoples Republic
LD,TUY,Linea Turistica Aerotuy,AEREOTUY,Venezuela
LG,LGL,Luxair,LUXAIR,Luxembourg
LH,DLH,Lufthansa,LUFTHANSA,Germany
LH,GEC,Lufthansa Cargo,LUFTHANSA CARGO,Germany
LI,LIA,Leeward Islands Air Transport,LIAT,Antigua and Barbuda
LJ,JNA,Jin Air,JIN AIR,South Korea
LJ,SLA,Sierra National Airlines,SELAIR,Sierra Leone
LL,GRO,Allegro,ALLEGRO,Mexico
LM,LAM,LAM Mozambique Airlines,MOZAMBIQUE,Mozambique
LM,LVG,Livingston Energy Flight,LIVINGSTON,Italy
LN,LAA,Libyan Airlines,LIBAIR,Libya
LO,LOT,LOT Polish Airlines,POLLOT,Poland
LP,LPE,LAN Peru,LANPERU,Peru
LQ,GNC,Air Guinea Cargo,GUINEA CARGO,Equatorial Guinea
LR,LRC,LACSA,LACSA,Costa Rica
LS,EXS,Jet2.com,CHANNEX,United Kingdom
LT,LTU,LTU International,LTU,Germany
LU,LXP,LAN Express,LANEX,Chile
LV,LBC,Albanian Airlines,ALBANIAN,Albania
LW,NMI,Pacific Wings,TSUNAMI,USA
LX,SWR,Swiss International Air Lines,SWISS,Switzerland
LX,SWU,Swiss European Air Lines,EUROSWISS,Switzerland
LY,ELY,El Al Israel Airlines,ELAL,Israel
LZ,LBY,Belle Air,ALBAN-BELLE,Albania
M0,MNG,Aero Mongolia,AERO MONGOLIA,Mongolia
M3,NFA,Air Norway,NORTH FLYING,Norway
M3,NFA,North Flying,NORTH FLYING,Denmark
M3,TUS,ABSA Cargo Airline,ABSA Cargo,Brazil
M4,NOV,Nova Airline,NOVANILE,Sudan
M5,KEN,Kenmore Air,KENMORE,USA
M6,AJT,Amerijet International,AMERIJET,USA
M7,MAA,MasAir,MAS CARGA,Mexico
M7,MSL,Marsland Aviation,MARSLANDAIR,Sudan
M8,TMW,Trans Maldivian Airways,TRANS MALDIVIAN,Maldives
M9,MSI,Motor Sich,MOTOR SICH,Ukraine
MA,MAH,Malev Hungarian Airlines,MALEV,Hungary
MB,MNB,MNG Airlines,BLACK SEA,Turkey
MC,RCH,Air Mobility Command,REACH,USA
MD,MDG,Air Madagascar,AIR MADAGASCAR,Madagascar
ME,MEA,Middle East Airlines,CEDAR JET,Lebanon
MF,CXA,Xiamen Airlines,XIAMEN AIR,China - Peoples Republic
MH,MAS,MASkargo (Malaysia Airlines Kargo),MALAYSIAN CARGO,Malaysia
MH,MAS,Malaysia Airlines,MALAYSIAN,Malaysia
MH,MWG,MASwings,MASWINGS,Malaysia
MI,SLK,SilkAir,SILKAIR,Singapore
MJ,MLR,Mihin Lanka,MIHIN LANKA,Sri Lanka
MK,MAU,Air Mauritius,AIRMAURITIUS,Mauritius
MM,SAM,SAM Colombia,SAM,Colombia
MN,CAW,Comair,COMMERCIAL,South Africa
MO,AUH,Abu Dhabi Amiri Flight,SULTAN,United Arab Emirates
MO,CAV,Calm Air,CALM AIR,Canada
MP,MPH,Martinair,MARTINAIR,Netherlands
MQ,EGF,American Eagle Airlines,EAGLE FLIGHT,USA
MS,MSE,EgyptAir Express,EGYPTAIR EXPRESS,Egypt
MS,MSR,Egyptair,EGYPTAIR,Egypt
MS,MSX,EgyptAir Cargo,EGYPTAIR CARGO,Egypt
MT,TCX,Thomas Cook Airlines,KESTREL,United Kingdom
MU,CES,China Eastern Airlines,CHINA EASTERN,China - Peoples Republic
MV,MAT,Maldivian Air Taxi,MALDIVIAN,Maldives
MW,BUG,Mokulele Airlines,SPEEDBUGGY,USA
MW,MYD,Maya Island Air,MYLAND,Belize
MX,MXA,Mexicana,MEXICANA,Mexico
MY,MEP,Midwest Airlines,MIDEX,Egypt
MZ,MNA,Merpati Nusantara Airlines,MERPATI,Indonesia
N2,DAG,Dagestan Airlines,DAGAL,Russia
N2,QNK,Kabo Air,KABO,Nigeria
N4,TNB,Trans Air Benin,TRANS-BENIN,Benin
N5,MDM,Medavia,MEDAVIA,Malta
N8,CRK,Hong Kong Airlines,BAUHINIA,China - Peoples Republic
NA,NAO,North American Airlines,NORTH AMERICAN,USA
NC,NAC,Northern Air Cargo,YUKON,USA
NC,NJS,National Jet Systems,NATIONAL JET,Australia
NE,ESK,SkyEurope,RELAX,Slovakia
NF,AVN,Air Vanuatu,AIR VAN,Vanuatu
NG,LDA,Lauda Air,LAUDA AIR,Austria
NH,ANA,All Nippon Airways,ALL NIPPON,Japan
NI,PGA,Portugalia,PORTUGALIA,Portugal
NK,NKS,Spirit Airlines,SPIRIT WINGS,USA
NL,SAI,Shaheen Air International,SHAHEEN AIR,Pakistan
NM,NZM,Mount Cook Airlines,MOUNTCOOK,New Zealand
NN,MOV,VIM Airlines,MOV AIR,Russia
NO,NOS,Neos,MOONFLOWER,Italy
NP,SKP,Skytrans Airlines,SKYTRANS,Australia
NQ,AJX,Air Japan,AIR JAPAN,Japan
NR,PIR,Pamir Airways,PAMIR,Afghanistan
NT,IBB,Binter Canarias,BINTER,Spain
NU,JTA,Japan Transocean Air,JAI OCEAN,Japan
NV,CRF,Air Central,AIR CENTRAL,Japan
NW,NWA,Northwest Airlines,NORTHWEST,USA
NX,AMU,Air Macao,AIR MACAO,China - Peoples Republic
NY,FXI,Air Iceland (FlugfÃ©lag Ãçslands),FAXI,Iceland
NZ,ANZ,Air New Zealand,NEW ZEALAND,New Zealand
NZ,EAG,Eagle Airways,EAGLE,New Zealand
NZ,RLK,Air Nelson,LINK,New Zealand
O2,JEA,Jet Air,JETA,Poland
O6,ONE,Oceanair,OCEANAIR,Brazil
O7,OZJ,Ozjet Airlines,AUSJET,Australia
OA,OAL,Olympic Airlines,OLYMPIC,Greece
OB,ASZ,Astrakhan Airlines,AIR ASTRAKHAN,Russia
OE,ONA,Yeongnam Air,YEONGNAM AIR,South Korea
OF,FIF,Air Finland,AIR FINLAND,Finland
OH,COM,Comair,COMAIR,USA
OJ,OLA,Overland Airways,OVERLAND,Nigeria
OK,CSA,Czech Airlines,CSA-LINES,Czech Republic
OL,OLT,OLT - Ostfriesische Lufttransport,OLTRA,Germany
OM,MGL,MIAT Mongolian Airlines,MONGOL AIR,Mongolia
ON,RON,Nauru Air Corporation,AIR NAURU,Nauru
OO,SKW,SkyWest Airlines,SKYWEST,USA
OQ,CQN,Chongqing Airlines,CHONG QING,China - Peoples Republic
OR,TFL,Arkefly,ARKEFLY,Netherlands
OS,AUA,Austrian Airlines,AUSTRIAN,Austria
OT,PEL,Aeropelican Air Services,PELICAN,Australia
OU,CTN,Croatia Airlines,CROATIA,Croatia
OV,ELL,Estonian Air,ESTONIAN,Estonia
OW,EXK,Executive Airlines,EXECUTIVE EAGLE,Puerto Rico
OX,OEA,Orient Thai Airlines,ORIENT THAI,Thailand
OX,OTG,One-Two-GO Airlines,THAI EXPRESS,Thailand
OY,ANS,Andes LÃ_neas AÃ©reas,AEROANDES,Argentina
OY,OAE,Omni Air International,OMNI-EXPRESS,USA
OZ,AAR,Asiana Airlines,ASIANA,South Korea
P2,XAK,Airkenya Express,AIRKENYA,Kenya
P4,NSO,Aerolineas Sosa,SOSA,Honduras
P5,RPB,AeroRepublica,AEROREPUBLICA,Colombia
P7,ESL,Russian Sky Airlines,RADUGA,Russia
P8,PTN,Pantanal Linhas Aereas Sul-Matogrossenses,PANTANAL,Brazil
P9,PGP,Perm Airlines,PERM AIR,Russia
PB,SPR,Provincial Airlines,SPEEDAIR,Canada
PC,FAJ,Air Fiji,FIJIAIR,Fiji
PC,PVV,Continental Airways,CONTAIR,Russia
PD,POE,Porter Airlines,PORTER AIR,Canada
PF,PNW,Palestinian Airlines,PALESTINIAN,Egypt
PG,BKP,Bangkok Airways,BANGKOK AIR,Thailand
PH,PAO,Polynesian Airlines,POLYNESIAN,Samoa
PI,PDT,Piedmont Airlines,PIEDMONT,USA
PJ,SPM,Air Saint Pierre,SAINT PIERRE,Saint-Pierre and Miquelon
PK,PIA,Pakistan International Airlines,PAKISTAN,Pakistan
PK,RIU,Riau Airlines,RIAU AIR,Indonesia
PL,ASE,Airstars,MOROZOV,Russia
PL,SOA,Southern Air Charter,SOUTH AIRCHARTER,Bahamas
PM,TOS,Tropic Air,TROPISER,Belize
PN,CHB,China West Air,WEST CHINA,China - Peoples Republic
PO,PAC,Polar Air Cargo,POLAR,USA
PP,PJS,Jet Aviation,JET AVIATION,Switzerland
PQ,PNF,Panafrican Airways,PANWAYS,Ivory Coast
PR,PAL,Philippine Airlines,PHILIPPINE,Philippines
PS,AUI,Ukraine International Airlines,UKRAINE INTERNATIONAL,Ukraine
PT,CCI,Capital Cargo International Airlines,CAPPY,USA
PT,SWN,West Air Sweden,AIR SWEDEN,Sweden
PU,PUA,PLUNA,PLUNA,Uruguay
PV,PNR,PAN Air,SKYJET,Spain
PV,SBU,Saint Barth Commuter,BLACK FIN,France
PW,PRF,Precision Air,PRECISION AIR,Tanzania
PX,ANG,Air Niugini,NUIGINI,Papua New Guinea
PY,SLM,Surinam Airways,SURINAM,Suriname
PZ,LAP,TAM Airlines,PARAGUAYA,Paraguay
Q2,DQA,Maldivian,ISLAND AVIATION,Maldives
Q3,MBN,Zambian Airways,ZAMBIANA,Zambia
Q6,CDP,Aero Condor Peru,CONDOR-PERU,Peru
Q7,SWQ,Swift Air,SWIFTFLIGHT,USA
Q8,PEC,Pacific East Asia Cargo Airlines,PAC-EAST CARGO,Philippines
Q8,TSG,Trans Air Congo,TRANS-CONGO,"Congo, Republic of"
Q9,AFU,Afrinat International Airlines,,Gambia
QA,CBE,MexicanaClick,CLICK,Mexico
QB,GFG,Georgian National Airlines,NATIONAL,Georgia
QC,CRD,Air Corridor,AIR CORRIDOR,Mozambique
QD,QCL,Air Class Lineas Aereas,ACLA,Uruguay
QF,EAQ,Eastern Australia Airlines,EASTERN,Australia
QF,QFA,Qantas,QANTAS,Australia
QF,QNZ,JetConnect,QANTAS,New Zealand
QF,SSQ,Sunstate Airlines,SUNSTATE,Australia
QH,LYN,Kyrgyzstan,ALTYN AVIA,Kyrgyzstan
QI,CIM,Cimber Air,CIMBER,Denmark
QK,JZA,Air Canada Jazz,JAZZ,Canada
QL,RLN,Aero Lanka,AERO LANKA,Sri Lanka
QM,AML,Air Malawi,MALAWI,Malawi
QN,ARR,Air Armenia,AIR ARMENIA,Armenia
QO,MPX,Aeromexpress,AEROMEXPRESS,Mexico
QQ,UTY,Alliance Airlines,UNITY,Australia
QR,QTR,Qatar Airways,QATARI,Qatar
QS,TVS,Smart Wings,SKYTRAVEL,Czech Republic
QT,TPA,Tampa Cargo,TAMPA,Colombia
QU,UGX,East African,CRANE,Uganda
QV,LAO,Lao Airlines,LAO,Laos
QW,BWG,Blue Wings,BLUE WINGS,Germany
QX,QXE,Horizon Air,HORIZON AIR,USA
QY,BCS,European Air Transport,EUROTRANS,Belgium
QZ,AWQ,Indonesia AirAsia,WAGON AIR,Indonesia
R0,RPK,Royal Airlines,ROYAL PAKISTAN,Pakistan
R2,ORB,Orenair (Orenburg Airlines),ORENBURG,Russia
R3,SYL,Yakutia Airlines,AIR YAKUTIA,Russia
R5,JAV,Jordan Aviation,JORDAN AVIATION,Jordan
R6,DNU,DOT LT,DANU,Lithuania
R7,OCA,Aserca Airlines,AROSCA,Venezuela
R8,KGA,Kyrgyzstan Airlines,KYRGYZ,Kyrgyzstan
R9,TSD,TAF Linhas AÃ©reas,TAFI,Brazil
RA,RNA,Nepal Airlines,ROYAL NEPAL,Nepal
RB,SYR,Syrian Arab Airlines (Syrianair),SYRIANAIR,Syria
RC,FLI,Atlantic Airways,FAROELINE,Faroe Islands (Denmark)
RD,RYN,Ryan International Airlines,RYAN INTERNATIONAL,USA
RE,REA,Aer Arann,AER ARANN,Ireland
RF,FWL,Florida West International Airways,FLO WEST,USA
RG,VRN,VRG Linhas Aereas (VARIG),VARIG,Brazil
RH,RPH,Republic Express Airlines,PUBLIC EXPRESS,Indonesia
RI,MDL,Mandala Airlines,MANDALA,Indonesia
RJ,RJA,Royal Jordanian,JORDANIAN,Jordan
RK,RKH,Royal Khmer Airlines,KHMER AIR,Cambodia
RL,PPW,Royal Phnom Penh Airways,PHNOM-PENH AIR,Cambodia
RO,ROT,Tarom,TAROM,Romania
RP,CHQ,Chautauqua Airlines,CHAUTAUQUA,USA
RQ,KMF,Kam Air,KAMGAR,Afghanistan
RR,RFR,Royal Air Force,RAFAIR,United Kingdom
RS,MJN,Royal Air Force of Oman,MAJAN,Oman
RT,RKM,RAK Airways,RAKAIR,United Arab Emirates
RU,ABW,AirBridgeCargo Airlines,AIRBRIDGE CARGO,Russia
RV,CPN,Caspian Airlines,CASPIAN,Iran
RV,VEC,Venezolana,VECAR,Venezuela
RW,RPA,Republic Airlines,BRICKYARD,USA
S2,JLL,JetLite,LITE JET,India
S3,BBR,Santa Barbara Airlines,SANTA BARBARA,Venezuela
S4,RZO,SATA International,AIR AZORES,Portugal
S5,TCF,Shuttle America,MERCURY,USA
S6,SRR,Star Air,WHITESTAR,Denmark
S7,SBI,S7 Airlines (Siberia Airlines),SIBERIAN AIRLINES,Russia
S9,HSA,East African Safari Air Express,DUMA,Kenya
SA,SAA,South African Airways,SPRINGBOK,South Africa
SA,SAX,Sabah Air,SABAH AIR,Malaysia
SA,SZL,Swaziland Airlink,SWAZILINK,Swaziland
SB,ACI,Aircalin (Air Caledonie International),AIRCALIN,New Caledonia (France)
SC,CDG,Shandong Airlines,SHANDONG,China - Peoples Republic
SD,SUD,Sudan Airways,SUDANAIR,Sudan
SE,XLF,XL Airways France,STARWAY,France
SF,DTH,Tassili Airlines,TASSILI AIR,Algeria
SG,SEJ,Spicejet,SPICEJET,India
SI,BCI,Blue Islands,BLUE ISLAND,United Kingdom
SI,SPA,Sierra Pacific Airlines,SIERRA PACIFIC,USA
SJ,CGL,Seagle Air,SEAGLE,Slovakia
SJ,SJY,Sriwijaya Air,SRIWIJAYA,Indonesia
SK,SAS,Scandinavian Airlines System (SAS),SCANDINAVIAN,Sweden
SN,BEL,Brussels Airlines,BEE-LINE,Belgium
SO,HKA,Superior Aviation,SPEND AIR,USA
SP,SAT,SATA Air Acores,SATA,Portugal
SQ,SIA,Singapore Airlines,SINGAPORE,Singapore
SQ,SQC,Singapore Airlines Cargo,SINGCARGO,Singapore
SS,CRL,Corsairfly,CORSAIR,France
ST,GMI,Germania,GERMANIA,Germany
SU,AFL,Aeroflot Russian Airlines,AEROFLOT,Russia
SU,RCF,Aeroflot-Cargo,AEROFLOT CARGO,Russia
SV,SVA,Saudi Arabian Airlines,SAUDIA,Saudi Arabia
SW,NMB,Air Namibia,NAMIBIA,Namibia
SY,SCX,Sun Country Airlines,SUN COUNTRY,USA
SY,SHY,Sky Airlines,ANTALYA BIRD,Turkey
T0,TPU,TACA Peru,TRANS PERU,Peru
T1,BST,Bestair,BARBIE,Turkey
T2,TAS,Lotus Air,LOTUS FLOWER,Egypt
T3,EZE,Eastern Airways,EASTFLIGHT,United Kingdom
T4,HEJ,Hellas Jet,HELLAS JET,Greece
T5,TUA,Turkmenistan Airlines,TURKMENISTAN,Turkmenistan
T6,TVR,Tavrey Airlines,TAVREY,Ukraine
T7,TJT,Twin Jet,TWINJET,France
T9,TIW,Transcarga,TIACA,Venezuela
TA,TAI,Taca International Airlines,TACA,El Salvador
TD,LUR,Atlantis European Airways,ATLANTIS LINER,Armenia
TE,LIL,FlyLal (Lithuanian Airlines),LITHUANIA AIR,Lithuania
TF,AVJ,Avia Traffic Company,ATOMIC,Kyrgyzstan
TF,SCW,MalmÃ¶ Aviation,SCANWINGS,Sweden
TG,THA,Thai Airways International,THAI,Thailand
TH,TSE,Transmile Air Services,TRANSMILE,Malaysia
TK,THY,Turkish Airlines,TURKAIR,Turkey
TL,ANO,Airnorth,TOPEND,Australia
TL,TMA,Trans Mediterranean Airlines,TANGO LIMA,Lebanon
TN,TGN,Trigana Air Service,TRIGANA,Indonesia
TN,THT,Air Tahiti Nui,TAHITI AIRLINES,French Polynesia
TO,PSD,President Airlines,,Cambodia
TP,TAP,TAP Portugal,AIR PORTUGAL,Portugal
TQ,TDM,Tandem Aero,TANDEM,Moldova
TR,TGW,Tiger Airways,GO CAT,Singapore
TS,TSC,Air Transat,TRANSAT,Canada
TT,TGW,Tiger Airways Australia,GO CAT,Australia
TU,TAR,Tunisair,TUNAIR,Tunesia
TX,FWI,Air Caraibes,FRENCH WEST,Guadeloupe - French Antilles
TY,IWD,Iberworld,IBERWORLD,Spain
TY,TPC,Air Caledonie,AIRCAL,New Caledonia (France)
U3,AIA,Avies,AVIES,Estonia
U4,PMT,PMTair,MULTITRADE,Cambodia
U5,GWY,USA 3000 Airlines,GETAWAY,USA
U6,SVR,Ural Airlines,SVERDLOVSK AIR,Russia
U7,UGA,Air Uganda,UGANDA,Uganda
U8,RNV,Armavia,ARMAVIA,Armenia
U9,TAK,Tatarstan Airlines,TATARSTAN,Russia
UA,UAL,United Airlines,UNITED,USA
UB,UBA,Myanma Airways,UNIONAIR,Myanmar (Burma)
UC,LCO,LAN Cargo,LAN CARGO,Chile
UD,HER,Hex'Air,HEX AIRLINE,France
UE,NAS,Nasair,NASAIRWAYS,Eritrea
UF,UKM,UM Airlines,UKRAINE MEDITERRANEE,Ukraine
UG,TUI,Sevenair,SEVENAIR,Tunesia
UH,USH,US Helicopter,US HELI,USA
UI,ECA,Eurocypria Airlines,EUROCYPRIA,Cyprus
UJ,GMT,Magnicharters,GRUPOMONTERREY,Mexico
UJ,JUS,USA Jet Airlines,JET USA,USA
UL,ALK,SriLankan Airlines,SRILANKAN,Sri Lanka
UM,AZW,Air Zimbabwe,AIR ZIMBABWE,Zimbabwe
UN,TSO,Transaero Airlines,TRANSOVIET,Russia
UO,HKE,Hong Kong Express Airways,HONGKONG SHUTTLE,China - Peoples Republic
UP,BHS,Bahamasair,BAHAMAS,Bahamas
US,AWE,US Airways,CACTUS,USA
US,JIA,PSA Airlines,BLUE STREAK,USA
UT,UTA,UTair Aviation,UTAIR,Russia
UU,REU,Air Austral,REUNION,Reunion
UX,AEA,Air Europa,EUROPA,Spain
UZ,BRQ,Buraq Air,BURAQAIR,Libya
V0,VCV,Conviasa,CONVIASA,Venezuela
V3,KRP,Carpatair,CARPATAIR,Romania
V6,VUR,VIP Ecuador,VIP,Ecuador
V7,SNG,Air Senegal International,AIR SENEGAL,Senegal
V8,VAS,ATRAN Cargo Airlines,ATRAN,Russia
VA,VLE,Volare Airlines,VOLA,Italy
VB,VIV,VivaAerobus,AEROENLACES,Mexico
VC,VAL,Voyageur Airways,VOYAGEUR,Canada
VD,KPA,Kunpeng Airlines,KUN PENG,China - Peoples Republic
VG,VLM,VLM Airlines,RUBENS,Belgium
VH,LAV,Aeropostal Alas de Venezuela,AEROPOSTAL,Venezuela
VI,VDA,Volga-Dnepr Airlines,VOLGA-DNEPR,Russia
VI,VES,Vieques Air Link,VIQUES,Puerto Rico
VK,VGN,Virgin Nigeria Airways,VIRGIN NIGERIA,Nigeria
VL,VIM,Air VIA,VIA AIRWAYS,Bulgaria
VM,VOA,Viaggio Air,VIAGGIO,Bulgaria
VN,HVN,Vietnam Airlines,VIET NAM AIRLINES,Vietnam
VO,TYR,Austrian Arrows (Tyrolean Airways),TYROLEAN,Austria
VQ,VPP,Vintage Props and Jets,VINTAGE,USA
VR,TCV,TACV,CABOVERDE,Cape Verde
VR,TCV,TACV Cabo Verde Airlines,CABOVERDE,Cape Verde
VS,VIR,Virgin Atlantic Airways,VIRGIN,United Kingdom
VT,VTA,Air Tahiti,AIR TAHITI,French Polynesia
VU,VUN,Air Ivoire,AIRIVOIRE,Ivory Coast
VV,AEW,Aerosvit Airlines,AEROSVIT,Ukraine
VW,TAO,Aeromar,TRANS-AEROMAR,Mexico
VX,VRD,Virgin America,REDWOOD,USA
VY,VLG,Vueling Airlines,VUELING,Spain
W1,WDL,WDL Aviation,WDL,Germany
W3,ARA,Arik Air,ARIK AIR,Nigeria
W3,SWT,Swiftair,SWIFT,Spain
W4,BES,Aero Services Executive,BIRD EXPRESS,France
W5,IRM,Mahan Air,MAHAN AIR,Iran
W6,WVL,Wizz Air,WIZZBUL,Bulgaria
W6,WZZ,Wizz Air,WIZZ AIR,Hungary
W7,SAH,Sayakhat Airlines,SAYAKHAT,Kazakhstan
W8,CJT,Cargojet Airways,CARGOJET,Canada
W9,AAB,Abelag Aviation,ABG,Belgium
W9,JAB,Air Bagan,AIR BAGAN,Myanmar (Burma)
WA,KLC,KLM Cityhopper,CITY,Netherlands
WB,RWD,Rwandair Express,RWANDAIR,Rwanda
WC,ISV,Islena De Inversiones,,Honduras
WD,AAN,Amsterdam Airlines,AMSTEL,Netherlands
WE,CWC,Centurion Air Cargo,CHALLENGE CARGO,USA
WF,WIF,Wideroe,WIDEROE,Norway
WG,SWG,Sunwing Airlines,SUNWING,Canada
WG,WIG,Wiggins Airways,WIGGINS AIRWAYS,USA
WI,TDX,Tradewinds Airlines,TRADEWINDS EXPRESS,USA
WJ,LAL,Air Labrador,LAB AIR,Canada
WJ,WEB,WebJet Linhas AÃ©reas,WEBJET,Brazil
WK,EDW,Edelweiss Air,EDELWEISS,Switzerland
WL,APP,Aeroperlas,AEROPERLAS,Panama
WM,WIA,Windward Islands Airways,WINAIR,Netherlands Antilles
WN,SWA,Southwest Airlines,SOUTHWEST,USA
WO,WOA,World Airways,WORLD,USA
WO,WOW,Air Southwest,SWALLOW,United Kingdom
WP,MKU,Island Air,MOKU,USA
WQ,RMV,Romavia,AEROMAVIA,Romania
WS,WJA,WestJet,WESTJET,Canada
WT,WSG,Wasaya Airways,WASAYA,Canada
WX,BCY,CityJet,CITY-IRELAND,Ireland
WY,OMA,Oman Air,OMAN AIR,Oman
WZ,VAZ,Red Wings Airlines,REMONT AIR,Russia
X3,HLX,TUIfly,YELLOW CAB,Germany
X8,ICD,Icaro Air,ICARO,Ecuador
X9,KHO,Khors Aircompany,AIRCOMPANY KHORS,Ukraine
XC,KDC,KD Air,KAY DEE,Canada
XD,FHY,Freebird Airlines,FREE BIRD,Turkey
XE,BTA,ExpressJet Airlines,JET LINK,USA
XF,VLK,Vladivostok Air,VLADAIR,Russia
XG,CLI,Clickair,CLICKJET,Spain
XG,KLB,Air Mali International,TRANS MALI,Mali
XH,GSS,Global Supply Systems,JET LIFT,United Kingdom
XJ,MES,Mesaba Airlines,MESABA,USA
XK,CCM,CCM Airlines,CORSICA,France
XL,LNE,LAN Ecuador,LAN ECUADOR,Ecuador
XM,JLJ,J-Air,J-AIR,Japan
XM,SMX,Alitalia Express,ALIEXPRESS,Italy
XM,XME,Australian air Express,JETEX,Australia
XO,CXH,China Xinhua Airlines,XINHUA,China - Peoples Republic
XP,CXP,Xtra Airways,RUBY MOUNTAIN,USA
XQ,SXS,SunExpress,SUNEXPRESS,Turkey
XR,OZW,Skywest Airlines,OZWEST,Australia
XU,AXK,African Express Airways,EXPRESS JET,Kenya
XW,GOT,WaltAir,GOTHIC,Sweden
XW,SXR,Sky Express,SKYSTORM,Russia
XY,KNE,Nas Air,NAS EXPRESS,Saudi Arabia
Y4,VOI,Volaris,VOLARIS,Mexico
Y5,PCE,Pace Airlines,PACE,USA
Y8,YZR,Yangtze River Express,YANGTZE RIVER,China - Peoples Republic
Y9,IRK,Kish Air,KISHAIR,Iran
YB,EXY,South African Express,EXPRESSWAYS,South Africa
YD,GOM,Gomelavia,GOMEL,Belarus
YG,OTL,South Airlines,SOUTHLINE,Ukraine
YI,RSI,Air Sunshine,AIR SUNSHINE,USA
YJ,NTN,National Airways,NATCHAIR,South Africa
YL,LLM,Yamal Airlines,YAMAL,Russia
YM,MGX,Montenegro Airlines,MONTAIR,Montenegro
YN,CRQ,Air Creebec,CREE,Canada
YO,MCM,Heli Air Monaco,HELI AIR,Monaco
YQ,POT,Polet Airlines,POLET,Russia
YR,CVU,Grand Canyon Airlines,CANYON VIEW,USA
YR,EGJ,Scenic Airlines,SCENIC,USA
YS,RAE,Regional Compagnie Aerienne Europeenne,REGIONAL EUROPE,France
YV,ASH,Mesa Airlines,AIR SHUTTLE,USA
YW,ANE,Air Nostrum,AIR NOSTRUM,Spain
Z3,SMJ,Avient Aviation,AVAVIA,Zimbabwe
Z6,UDN,Dniproavia,DNIEPRO,Ukraine
Z8,AZN,Amaszonas,AMASZONAS,Bolivia
Z8,MTZ,Mali Airways,MALI AIRWAYS,Mali
ZB,MON,Monarch Airlines,MONARCH,United Kingdom
ZD,FDN,Dolphin Air,FLYING DOLPHIN,United Arab Emirates
ZE,AZE,Arcus-Air Logistic,ARCUS AIR,Germany
ZF,HHA,Atlantic Airlines de Honduras,ATLANTIC HONDURAS,Honduras
ZG,VVM,Viva Macau,JACKPOT,China - Peoples Republic
ZH,CSZ,Shenzhen Airlines,SHENZHEN AIR,China - Peoples Republic
ZI,AAF,Aigle Azur,AIGLE AZUR,France
ZK,GLA,Great Lakes Airlines,LAKES AIR,USA
ZL,RXA,Regional Express Airlines,REX,Australia
ZN,NAY,Navegacion y Servicios AÃ©reos Canarios (NAYSA),NAYSA,Spain
ZP,AZQ,Silk Way Airlines,SILK LINE,Azerbaijan
ZR,AZS,Aviacon Zitotrans,ZITOTRANS,Russia
ZS,SMY,Sama Airlines,NAJIM,Saudi Arabia
ZT,AWC,Titan Airways,ZAP,United Kingdom
ZT,TZT,Air Zambezi,ZAMBESI,Zimbabwe
ZW,AWI,Air Wisconsin,AIR WISCONSIN,USA
ZX,GGN,Air Georgian,GEORGIAN,Canada
ZY,ADE,Ada Air,ADA AIR,Albania
ZY,EZA,Eznis Airways,EZNIS,Mongolia
--,TWY,Sunset Aviation,TWILIGHT,United States
--,OPT,Flight Options,OPTIONS,United States
--,FLT,Flight Options,OPTIONS,United States
--,EJM,Executive Jet Management,JET SPEED,United States
--,BOE,Boeing,BOEING,United States
--,GTF,ELJ Aviation,GATOR FLIGHT,United States
--,LXJ,Bombardier Business Jet Solutions,FLEXJET,United States
